,date,gdp_change,consump_change,invest_change,govt_change,exports_change,imports_change,vix_change,sp500_change,umc_senti_change,inflation_change,nominal_int_change,real_int_change
15,12/1/1962,0.32940187184664627,1.4149439812481956,-2.9258250625835314,0.6930737297496936,-3.2347021795914865,1.2220954863939815,7.120616695269133,3.089572886045322,3.7117903930131035,-15.697454712974125,2.690835001932057,4.798807723156773
16,3/1/1963,1.0920904258454156,0.7004861078220737,5.261524516999816,-1.354500250763746,1.5187453534888595,-2.3144354036176207,-29.099761515861555,9.952412662894794,3.5789473684210593,31.605300122958123,1.4846235418875864,-1.3074633938586544
17,6/1/1963,1.122414332466426,0.9436467178239871,1.5906740358381244,0.07462328200664725,7.9936183568140695,2.354289480977667,-11.791202967673541,6.285278413424877,-6.808943089430897,-41.65417479708747,-0.11460545387130816,5.01668187439861
18,9/1/1963,2.1988309915998316,1.3565767520349548,3.0787905031278484,4.43864050782159,-0.5005126217981326,2.538713737888232,7.939488001068051,1.8612028132625191,5.125408942202836,229.247193694188,12.374717375898502,-2.540037174712917
19,12/1/1963,0.6559047456915268,0.8332999010403963,1.2142175625822427,-1.0335645945052874,3.908221300901382,-0.32759272872610046,39.32853531644491,3.2502568105886365,-2.0746887966805017,-55.65412618142922,3.702702702702698,17.450727461021764
20,3/1/1964,2.108713584963695,1.962628210122852,3.742673274977104,0.31377924178612737,5.057390489576008,-0.09380325661992872,-43.812488209771736,5.832138036638179,5.402542372881358,51.68952076972681,0.28957808473053515,-4.224227045459694
21,6/1/1964,1.0890683785215627,1.7688870498266285,-0.3602756225554171,0.8997526561729918,-0.40803585364223016,2.2505250030461,22.681175878106828,3.550505695277817,-1.005025125628145,-60.69835621898494,0.7709410100193548,9.327074534141744
22,9/1/1964,1.5626016602433346,1.8472194652014329,2.3341342303379697,0.11954764104546989,3.1306437409513777,2.6839474846316103,-4.826220641027712,3.208841843088428,2.131979695431463,39.77404777275198,-0.954154727793699,-2.9945655815040717
23,12/1/1964,0.30919108659188677,0.28541646568296386,0.950007721943269,-0.04094089893997843,2.0131265693631217,2.7045845506922017,1.412357707075329,2.2603457907952373,-0.6958250497017815,104.25277202668721,3.471519078890273,-3.8030182562529213
24,3/1/1965,2.4199081202691763,2.2301031269698957,9.534303895341377,-0.1143613732094595,-11.638943075013298,-3.599771358687698,-5.795917005804241,2.1435988200589895,2.102102102102088,-32.82919297789785,11.183493164089796,17.881739727816637
25,6/1/1965,1.263470828688229,1.1028721265824437,0.26272875520929606,1.183742674895738,16.73958592564646,11.801045243315533,29.798516315221036,0.9972656922350165,3.3333333333333437,106.1860508311462,2.5976312017501835,-6.467233897655866
26,9/1/1965,2.2231604683935924,1.7182494626568845,3.481822836661541,3.3174952906956268,-2.221855465929501,0.41010397523342235,-17.805528464156374,-0.5756605284227501,-1.8975332068311146,-53.64628453477101,-0.08088235294118062,10.245294755623702
27,12/1/1965,2.303901712949852,2.8112948724052567,0.6621649154466391,1.893880280905158,6.111626860213248,4.87903745877325,-5.337050682067113,5.556405569289979,-0.4835589941972973,78.14314332866532,2.207667966737792,-3.9653522868901225
28,3/1/1966,2.433835311415322,1.4762522548075419,7.989670227992307,1.8618927020315201,-2.4642426331207945,2.5772561971855623,18.918516181059573,-0.13808255963869698,-2.818270165208947,77.049914930403,9.439124487004102,-0.7690600153364757
29,6/1/1966,0.3414704659112866,0.2562302599844024,-1.480346005358435,1.888674464264728,3.005572166349557,2.4868123587038493,19.61199112532892,-3.801484230055663,-4.299999999999993,-3.1631026076662128,7.747807017543851,10.592518840618759
30,9/1/1966,0.8468325707038149,1.1419280918151253,-0.7378757535454139,2.724993280242871,-1.1953847067283307,5.608845811051677,28.928232495655504,-7.6161671395525765,-4.702194357366773,-4.31416508391157,10.109295178393364,13.409412316773661
31,12/1/1966,0.8204034288907813,0.41660250095105766,0.5860982625822908,1.7266357762421691,2.486462666337297,1.1261201862977188,-11.063632496403264,-1.9851829656909459,-3.1798245614035103,-5.60308698129931,2.833641404805909,4.491537011090485
32,3/1/1967,0.8857933144789998,0.5762160076497214,-2.4540743588783775,4.226143268368765,1.2280530310433413,1.5610982453944322,-25.26038587628311,9.095840845336877,6.56851642129106,-68.97080347487507,-13.301457767871593,-3.1723026347762917
33,6/1/1967,0.06135146938617275,1.3671695496333403,-3.617889227431359,-0.4147025857819231,-1.3296434547560798,-0.7944863571234251,19.43437742687031,5.263520551421896,1.9128586609989506,139.2014806831311,-17.276553397051796,-26.221146142886408
34,9/1/1967,0.9460760263042101,0.5120242765927152,2.932166064394015,1.1110456475035946,-0.8022750694652747,1.313350934410118,-28.53005809928054,3.029347588915554,1.147028154327412,65.64507638686115,-2.4235588972431166,-14.965722343307386
35,12/1/1967,0.7538533217112953,0.611920995939097,2.1572236491202323,0.7591899650921441,1.8857999526577407,5.273699969852896,19.760252047039796,0.10938544019434282,-4.226804123711336,8.926375234538785,7.19184239591093,6.493785956918652
36,3/1/1968,2.0392710386833324,2.3965273311023383,2.0048046477050496,1.7870312351883078,2.809257060250925,5.89191760343255,15.797840537403719,-3.0815527818912725,4.628632938643706,-10.092415459845617,14.777274578870436,23.754967377220293
37,6/1/1968,1.6703730044944853,1.5227374184206388,3.8250269082958477,0.5169623512473853,1.672891622987338,1.5249785714613218,-2.9527893867236754,6.970239024214564,-4.938271604938271,-0.9745614035112093,24.912317327766175,31.618895787735756
38,9/1/1968,0.7745185610438465,1.874178189034903,-2.7272121632622492,0.29770870930541093,7.110576032598637,6.010095081582345,-11.711097062523868,1.9283097293938622,0.0,38.672553219306984,-0.6117025721591784,-8.596491354748126
39,12/1/1968,0.39277409902507276,0.45105813955352847,1.0877935597676691,0.08848395552911725,-2.2226449244035495,-0.8423975537252049,-14.851155239519898,5.335159098848585,-0.7575757575757569,-8.394631669166175,-0.5044814771217654,1.9300843946387092
40,3/1/1969,1.5644306691076748,1.1088229219306855,5.8885740017020405,0.22377156377142438,-11.624054565498042,-9.432284776745071,22.671828816452265,-4.086159039011417,7.088331515812429,-1.200064503091136,10.985853600824779,14.227052109468818
41,6/1/1969,0.3033539461847701,0.6451032364089393,-0.5891165592471714,-0.3145499173517363,21.914710532108607,19.729023507708643,-1.2468184749041322,0.7397954887039315,-6.822810590631367,29.153994963010966,26.80189440662739,25.820249940577323
42,9/1/1969,0.6599523551194642,0.4875337118534828,2.030250465059691,0.20038776106621192,-1.673177724522068,-1.2956046088826723,28.687679555732725,-7.094118804091265,-5.573770491803276,-13.126694918607008,7.885476839564287,13.036035969373572
43,12/1/1969,-0.48820905035055207,0.7992587454241473,-4.828540129364178,-1.347317541568771,2.615910254412701,-1.098724708866039,-15.559875666264332,-0.19763578065075116,-7.754629629629628,11.805612333583548,-0.4820054990927636,-2.8529210923002535
44,3/1/1970,-0.1488917136788115,0.6204433817927235,-2.982548317476752,-0.48260937029792617,1.3193499232684092,-0.3274365008520741,8.269240499924102,-5.911434026304629,-2.0075282308657627,4.27612493382834,-4.101789709172254,-5.898440346210354
45,6/1/1970,0.14171841501762206,0.4530214201750482,0.21745795812810886,-1.163560550802789,3.8749317605249356,1.9763650352326412,56.14214443444836,-10.71700333796658,-3.457106274007671,-12.516404199475184,-8.008584792320338,-6.790556993210051
46,9/1/1970,0.9214673849564647,0.8767083663876241,1.6273126478789202,0.42229770105601805,0.4003462454014395,-0.22953358774969734,-24.67103909368792,-0.5808080808080929,2.9177718832890998,-26.030688423903904,-14.961897878707198,-12.25822311933824
47,12/1/1970,-1.0715731732062195,-0.27149159083805774,-5.309321867514827,0.04688994133401625,0.2073294022857608,1.550815618585788,-21.44928975861726,9.516510033020076,-6.701030927835038,40.223162722600094,-16.99792744568863,-27.742246494948375
48,3/1/1971,2.716149225838893,1.9195338757844738,11.658606288995221,-1.4617690039784192,0.9131274230140818,-1.1788392058595165,-11.22323810969056,12.176270651824762,7.872928176795568,-42.02747926592543,-30.718378931862677,-26.28486446928826
49,6/1/1971,0.5408166883097643,0.919053704006978,2.8375258421124316,-0.23105589162343287,-0.739928747602081,7.543747034690629,2.2720150423064966,4.865646059836681,2.688860435339313,9.10272086624946,18.40952109316254,20.91571061288282
50,9/1/1971,0.8224468254407702,0.7973001064251362,1.213267546334551,-0.054570292223310446,4.998772930854667,2.2106636810534708,20.572586598325838,-2.852227917981065,2.369077306733147,8.088436805770494,19.926861847723742,22.816118681032236
51,12/1/1971,0.234864641128274,1.6592502762234451,-2.692854339371298,-0.7067745270615378,-9.231368538942853,-6.778357713610051,1.895052993328905,-2.1648619385529866,-0.12180267965894442,-25.737100737101382,-13.268939324775875,-10.28220193977637
52,3/1/1972,1.8372159119672382,1.3198082201994144,6.589419100133087,0.5445835487363659,11.367062395725469,14.614824931034631,-22.822759840377294,9.321016913641579,13.170731707317064,10.287073170732786,-25.332631578947375,-31.926599852421656
53,6/1/1972,2.2692875057543915,1.90365471815106,5.68022842464968,0.40035918943484017,-2.918167980115216,-3.5529152168378153,3.6907009026609927,2.6249525616698355,-4.525862068965525,-20.627240655660305,21.23946203513125,33.911867698022704
54,9/1/1972,0.9440896315751957,1.5411260839410135,1.4199567054942852,-1.9056424651180848,6.029135944586117,2.0812434664160717,3.726501296235951,0.9552847595424518,7.44920993227991,24.17067659210832,10.309302325581381,7.695211547694081
55,12/1/1972,1.6744358499800605,2.3466442331439907,0.6270854368802148,0.8272400030289617,4.228575172329885,4.504830668018278,2.891306277699246,4.456684981684966,-4.726890756302515,28.9994571687336,8.504627579954892,4.099260742713695
56,3/1/1973,2.4749417308557398,1.8257556211382697,5.860447560849202,0.8616068103024066,7.3152991357054775,4.6211153893106705,18.538822483125728,0.8182054885431,-9.702315325248067,52.23370107058463,27.007597101055048,20.02747474123383
57,6/1/1973,1.0887434340660196,-0.045069480793769046,4.262614088609329,-0.7043553801309388,4.817628797831119,-2.882435121557414,28.435774833992134,-6.579739130434781,-5.982905982905995,32.922097716207155,19.581746141019174,14.767459635544045
58,9/1/1973,-0.5258383288382795,0.35195977904938225,-3.6259622412499692,-1.176298445949664,0.3368817680704739,-2.762434527346691,-18.507458782705733,-2.202855166880291,-6.493506493506496,-5.672763257028802,35.095372727621644,50.16214057400526
59,12/1/1973,0.9492308406954919,-0.29825235878037093,3.56197758536676,0.7502455371464434,4.919304470973862,0.7457104118939517,46.03319799506791,-2.7348341577302815,6.25,28.230667870948565,-5.334280303030303,-13.517547613053038
60,3/1/1974,-0.8597052648146919,-0.8946831820772383,-5.710724967094116,1.8065062883588556,1.2967168796897077,-3.3923474951852772,-13.313894495463252,-6.386524361186097,-19.215686274509803,17.619322085825353,-6.736222953574689,-15.355401222878085
61,6/1/1974,0.23769701068907523,0.360073930839544,-0.39908181753043337,0.5010227962364944,4.87642375628361,5.298083686458854,-5.962467303621011,-5.254388413105082,16.66666666666665,-9.994907394873753,20.665429622558552,35.427720925918216
62,9/1/1974,-0.9452773845007756,0.42956525762349873,-5.1829013713588274,0.1989312532130194,-5.387753353962099,-1.7469027586791364,43.11283067534837,-17.8213812886143,-10.679611650485421,5.072772389196012,7.466666666666666,8.071568323434208
63,12/1/1974,-0.38840577220465855,-1.4617147135745578,0.6069802731411,0.478601501684639,2.6122710726343312,-0.990962606749024,-1.6318187384411487,-6.806584262693871,-7.608695652173925,9.134576861695676,-22.690653432588913,-32.51336737891675
64,3/1/1975,-1.2176343312886084,0.8387506226949615,-16.10792393880629,1.0882940034453448,0.6973751930005045,-10.032257308139359,-21.253694754246975,13.536512107317101,-3.1932773109243695,-30.401292837456385,-32.56122481731521,-33.01136223573098
65,6/1/1975,0.7147011894339972,1.6448428992507758,-2.977129748984253,-0.8445971771884109,-2.915116622918601,-8.002621124626286,-15.328458276921575,13.018107349901609,26.388888888888886,-43.63202782888522,-14.01329462345121,2.114512615682229
66,9/1/1975,1.712044616233399,1.4212755382376319,7.752608772623559,1.8683901362285038,-1.6868974023434569,8.309826664454278,2.3955994504100353,-1.6278727744453159,3.9835164835164916,66.43010561101772,13.653136531365329,-2.204359431855585
67,12/1/1975,1.3470928953975836,1.0753216233394092,2.7912047415778574,0.8763381141003501,5.653940010556657,5.331694230007544,-10.400819124116934,1.7004609504549517,-0.13210039630120463,-8.095680306791797,-12.121753246753252,-13.927677265209526
68,3/1/1976,2.249467623247048,1.9993647858121077,9.648839773063367,0.15703189519202798,-0.6903717219108763,6.255165930577,-0.871942851477514,11.678054790923476,11.904761904761907,-37.81589798196685,-10.836273622374515,3.79806850089468
69,6/1/1976,0.7333740376798126,0.9200544441176906,3.957870989099921,-1.1131726486467763,1.008307785404683,4.333150823963039,-9.163552139811548,2.123492765273327,-1.5366430260047248,-21.94293061841869,7.665692916485378,17.1746650725513
70,9/1/1976,0.5474075847426096,1.0528708505418871,0.34845488629677845,-0.2931526054221867,2.9052247128158237,4.093668301830045,-10.29021453158865,2.6566095954770663,7.683073229291715,78.40425531914991,1.6664421652202277,-14.879312743104089
71,12/1/1976,0.7226035711748402,1.297496384371044,0.7481632194655585,-0.06153792208704045,1.0145999992985821,3.3353827236397127,10.75934239850136,-1.6613104349234575,-3.0100334448160515,-8.8653868528206,-7.760301326822239,-7.152802158469762
72,3/1/1977,1.1862331478426524,1.1786816084121243,4.632967409014732,0.850366092485344,-1.609207374231847,4.679161088799666,-15.988475513382049,-0.7797270955165692,0.11494252873562871,26.174199587910074,-4.376910922783339,-17.68062318629674
73,6/1/1977,1.9419235219494402,0.5422508049691244,7.169111498452074,0.9152113295091358,2.694825243917509,0.9480531660030822,9.212270994883621,-2.7177799607072672,3.559127439724463,-4.876591340684888,10.658798283261795,20.855403578134222
74,9/1/1977,1.8031649722156429,0.9455327430731852,5.060323691483948,0.4019735545528702,0.7758596992770705,-1.3797277705051791,-6.855584583992835,-0.9828007347023604,-1.3303769401330379,-20.729405372053712,12.862877421606855,30.515162358092574
75,12/1/1977,0.001992779642701059,1.5035408363061942,-2.5085299259841265,-0.23835289849143404,-3.2060418016297887,1.4218672391054898,14.680069882346537,-4.194676728533542,-5.1685393258426915,6.517562368982777,11.912371134020617,13.493956174322829
76,3/1/1978,0.319842139570925,0.5617973603975868,1.9489650813714565,0.025125570488127025,2.361150739554807,6.7000661422198515,-7.687318126908005,-4.892880750468098,-2.4881516587677788,16.789864054221894,3.736968971182053,-0.32340614691562797
77,6/1/1978,3.864772683799611,2.1378789162727063,6.495086507795067,2.5077967198147366,10.424997419044036,0.31126351886043846,18.62755842062853,7.360604364857304,-0.9720534629404587,32.115613248360916,7.793745467461921,-1.0577800267633108
78,9/1/1978,1.0057487547670219,0.41990909525730924,2.9135104849163485,0.9235150301273753,1.0972812605178017,1.3037761649311141,-7.173094375098499,5.980191125098644,-1.3496932515337345,2.3195128565993706,11.213323630771765,15.191403886626409
79,12/1/1978,1.3441254208500286,0.8069382194627384,2.3125585210130195,0.8997642352724711,3.9691126832200663,1.3723983615323565,34.530297797109256,-4.449294878289423,-8.582089552238815,-0.10435456071049565,18.312345679012342,25.73782119216601
80,3/1/1979,0.17959381379095696,0.5179028963419263,0.16615264323878165,-0.9887657487193224,0.07827301271048359,-0.26989309263171224,-28.430937399371647,2.2716697549928,-2.7210884353741527,8.353456959209971,5.113061262821783,3.8783558733059387
81,6/1/1979,0.10674528822540719,-0.06491669321403437,-0.09008414095309503,0.9741692011379754,0.2607059799434097,0.5415037319851823,-5.134067003100862,1.8420340081753972,-6.853146853146863,26.232573954437033,1.059235801574454,-7.926099426122546
82,9/1/1979,0.7428046876444716,0.9730899999019105,-1.6840404343326898,0.29197008089763,3.5987294082883814,-1.5263803054292757,4.5979516234473605,4.997790993380891,-4.0540540540540455,1.3241660300481684,7.531434184675834,10.305258707670607
83,12/1/1979,0.2500451694941619,0.24883167666320816,-1.7738922078782138,0.6585681252808229,6.291998950382771,2.180999629152258,17.837622549019617,-0.8471919821750884,-2.8169014084507005,-1.7181169252547868,24.02550540345494,34.83219728036935
84,3/1/1980,0.31457115392630186,-0.1429471513964664,-0.6839009012782116,1.4677968186848522,2.790717643775631,0.06751046285276008,26.11915075060709,4.71522301114653,2.254428341384851,24.627625724453072,10.827373367607729,5.830837405146849
85,6/1/1980,-2.0604348641575676,-2.2520768145718018,-8.502871695287627,0.1965125592608974,1.8853246454900496,-7.2618627925910335,-11.406318931644543,-1.692384406165004,-14.330708661417324,-14.484147353077736,-15.684502249662714,-15.647373243709506
86,9/1/1980,-0.11885474978821087,1.096919361829296,-6.600088356402289,-1.3611106054294497,-0.21292078117073343,-7.196284941487274,-0.29551927623373553,13.679745982092207,24.63235294117647,-44.37871291143749,-22.464470666130666,-13.268112212017746
87,12/1/1980,1.8649233201466497,1.3511055605756939,9.320395827967442,-0.0220926098320251,-0.6057182472942957,5.362268443480445,9.592001530986138,8.00427041528653,6.342182890855463,49.37812390886227,61.16482153567762,62.46597021860563
88,3/1/1981,1.9594222106853687,0.3349855440734961,9.255691363923614,1.337468333262759,1.8806704280075248,4.268173300142664,-10.430553130230713,-1.2018030049581796,-5.270457697642161,-1.3429790813855869,4.520825317126409,5.819275855216155
89,6/1/1981,-0.7410757067079277,0.007264183427868609,-4.144598418341438,0.19234148704079246,0.5406008479217794,0.14780439389467936,-18.574329175800408,0.9630260930121981,8.19912152269402,-24.615201536767238,7.3023536511768405,14.455569673115765
90,9/1/1981,1.197502074963408,0.4625697892486347,5.636291768900992,-0.34442708316622106,-2.1303479374943257,-1.144797919328444,22.126384760480967,-5.371460843373499,1.2178619756427533,33.57368075708658,-1.143419572553439,-6.397225453592537
91,12/1/1981,-1.0895967316235544,-0.6840085425707687,-3.5214820756303555,1.270805598348601,0.45894846428782277,2.8631657666494226,-6.981848437320681,-2.7851451498288715,-12.165775401069512,-41.62572195602512,-22.700506921094398,-18.21482215681587
92,3/1/1982,-1.5536446424985861,0.7366003335606885,-9.45903710771293,-0.11190566013742353,-4.339963369775446,-2.855645174036048,13.877765040328583,-6.5211714812629,1.21765601217656,-45.33536169379282,4.710488934031076,12.327300313870083
93,6/1/1982,0.45617712847594305,0.3046161840447814,-0.07610176674580638,0.3800143433666081,0.5966379118477638,-1.6375039656392532,-17.080393458015642,-0.058406304728542136,-0.4511278195488688,62.56584583468063,2.0145219903421108,-2.5569687301460253
94,9/1/1982,-0.3822668357868153,0.6703536808396526,-0.9163109505828326,0.8019104227745766,-4.434516510817065,4.63812942104016,31.202704615485132,-0.2628505440568252,0.7552870090634434,20.20672316986838,-24.161286544066474,-29.26965263530391
95,12/1/1982,0.04000878796246443,1.7516771572554823,-7.729898845543559,1.5418884411315004,-4.582552327397682,-3.9248746637722376,22.678744071601354,20.11713619828295,8.695652173913038,-82.30655218262716,-15.626845466852012,-1.7548104135632236
96,3/1/1983,1.3177904101375981,0.9887051570638183,3.464693991313017,0.9608439690791171,1.6130588190585327,2.2918660418283388,-23.143033988709895,7.996150169709915,3.86206896551724,-77.83477424601121,-6.820506746206945,-4.161919976239615
97,6/1/1983,2.2755202453599743,2.036262743606976,8.856029852761083,0.8235517914616519,0.2991936156685471,7.68927645634907,-18.360449406556256,10.203112820967775,21.513944223107572,1597.944021203896,1.7334427328302482,-11.887818496805592
98,9/1/1983,1.9989546084432597,1.7932036556550734,6.260767891862673,1.7255012149666848,1.5032655367555714,7.789944812719218,6.680969425158478,1.720606661328672,-0.3278688524590123,-15.675584004916153,7.459702611520691,11.157627961422634
99,12/1/1983,2.0861826282885465,1.593590711580184,9.728329505716427,-1.6004547086275078,2.0122526717945455,4.905581074184151,-17.67606843653048,0.14099882017695187,0.3289473684210398,2.44570780414608,-0.3171247357294016,-0.658116775140305
100,3/1/1984,1.9547903421914148,0.8298912395406255,9.664461651539224,1.059901296121768,2.0872402722415195,8.03880605557623,16.607743487761173,-3.257590336297933,8.743169398907114,41.9122947576652,2.722163308589609,-2.3264489754967865
101,6/1/1984,1.72776158649941,1.4009712662454543,3.2520050639663456,2.1722257931569677,2.4854967466041433,4.189080150618607,-3.9951153267151596,-2.8684259263301093,-2.9145728643216184,-33.497061098678785,8.981386850010843,16.811215181509276
102,9/1/1984,0.9640100468944812,0.7416137671599987,2.163989530192101,0.8093931612313643,2.2091724075848918,2.588713856864877,6.509057414798902,3.0600892231779975,2.3809523809523947,-7.769327294562512,7.893565223980992,9.509062428245851
103,12/1/1984,0.8207729448110435,1.2953412513404094,-1.297094691770695,2.0993352048393588,2.0347526953025996,2.931151491120376,-6.526685335419846,2.906998111918213,-3.9433771486349856,-0.8620689655171043,-18.641791044776124,-20.10543427542236
104,3/1/1985,0.9689792275400899,1.6989388536439165,-2.741805231777239,1.0889444485764566,0.2650439074174171,-2.205397556801769,-3.9320428449486355,7.324455205811153,-0.5263157894736858,6.493067426401855,-8.525149190110836,-10.115460914903663
105,6/1/1985,0.8804735728179081,0.9180706684389861,1.7032433282937909,2.2192310086762035,-0.21446241337312877,4.913453526248013,-12.945054315113659,4.230118443316422,-0.2116402116402183,-0.9199426799146093,-6.528483961919129,-7.201908652679034
106,9/1/1985,1.5272714228687922,1.8994933157492566,-0.6817260752656429,2.2795244673419424,-1.458535273310424,-0.9673547117701853,3.416237003088307,1.8939393939394034,-1.590668080593849,-31.64800618589566,-0.2940693902793057,4.0690663047032505
107,12/1/1985,0.7434491447220193,0.21659301310266166,3.6857468426871653,0.4120910723525606,2.9834219999691047,3.9134127802911367,7.461270542689946,4.62028677642059,-1.8318965517241437,63.97228794723531,2.573417721519,-3.0546325182830625
108,3/1/1986,0.9337476298391323,0.8742190272337025,-0.02931179338369061,0.7900702554227923,3.1322824880229527,-0.09980775167690581,23.095473694813617,11.658223350253817,4.829857299670692,-49.0017264386995,-3.413424160527201,3.659976680299737
109,6/1/1986,0.4502963552820649,1.089571635452935,-1.7458289910846414,2.084410536563097,1.0764706310202987,4.254758773508538,-2.984399293371265,9.380192547326471,1.3612565445026092,-193.6370483204561,-11.5847036426591,2.39457910858476
110,9/1/1986,0.9566680366350555,1.7684117537660304,-2.689962328391371,2.178299356352009,2.2888037630217406,2.771831669077862,0.7288622504924458,0.23553615960099084,-2.066115702479343,-225.60209074264526,-10.3078034682081,-25.2830245978253
111,12/1/1986,0.5363928796076722,0.612215384685677,0.2993165434747924,-0.41305662328559034,3.7360385141203656,0.7761173484186701,0.10491783898805007,1.0504352383641669,-2.9535864978902926,14.30034392993047,0.9666972787471639,-0.5768534866126052
112,3/1/1987,0.7418449354178902,0.09455427457274457,2.6986699552279836,0.5865393321201173,0.08906511021242736,-0.5862236626213768,8.099729861387894,14.608124743537143,-1.6304347826086918,72.69416466899001,-0.7452088020808434,-10.415788088141465
113,6/1/1987,1.0781776439800383,1.3635825912291732,0.052079100524293764,0.7752596072382101,4.119774057235515,2.5018483744119635,12.192635076698988,5.0006086645184356,1.436464088397793,-6.128130244848218,6.913183279742774,10.1335842132946
114,9/1/1987,0.8671780251486849,1.1406560704626312,0.014587819502254185,0.10489816876919633,4.340705584284876,1.9492757439243613,-16.87344812476671,8.911103783689022,2.2875816993464193,-6.326971345751242,2.9067669172932353,4.877405594284978
115,12/1/1987,1.7169568645530875,0.2114492699605064,6.813755633309082,1.499258489941302,3.7306218673274882,2.299415519567738,114.46114199534377,-20.037570444583586,-7.987220447284349,-12.050096966133218,1.0725819414609816,3.612454640254348
116,3/1/1988,0.5168825405082789,1.7668962553911927,-4.800520761808114,-0.8342974798591696,5.553306450966411,-0.47096770244878794,-23.096337530695067,1.057165231010182,6.828703703703698,-16.40007327923062,-3.6635968019431253,-1.527269672797904
117,6/1/1988,1.3140322788294911,0.7385389531985531,2.3826250521593817,0.29850457819056153,2.8023080735105177,-1.151782557227865,-22.68426862217645,1.9501356063541309,1.4084507042253502,47.008380004313906,7.404739393393678,1.7810251052976067
118,9/1/1988,0.5859696453140995,0.8887151269267646,0.5555453841334934,0.011519275098303972,1.9705152262887937,2.3593342229438763,-14.561572055744598,1.4441349688541827,2.564102564102577,6.2729876617019675,11.550016068858548,12.47734018530422
119,12/1/1988,1.332456056364184,1.1370277279100671,1.526018387900141,1.9401250974837358,3.052340060967107,3.0462753058582592,-10.641119259561238,3.0095158603291594,-3.125,-10.39265325889004,6.096476394473482,9.205089255875375
120,3/1/1989,1.016394950898869,0.4638554784140769,3.3941546932980016,-0.44023994412261125,2.9867141925607354,0.465056613343906,-10.595289422758757,5.721892869209255,3.1182795698924792,3.9946927552920286,11.491145218417941,12.552600201905673
121,6/1/1989,0.7630996574299775,0.466707478050421,-0.9673242440399132,1.5374806298322108,4.378219153300811,0.4740581579831815,-4.544333041742377,7.774337805297571,-5.213764337851934,42.2776682458013,3.00106954136794,-2.8317692054966703
122,9/1/1989,0.7407356250722863,0.9680706549058726,-0.8978055165922649,0.8990664681656657,1.0215827338129424,-0.13599559438547404,6.070681673990186,9.139259495691011,1.7601760176017445,-51.62600549117782,-6.614781991836905,3.203444998760596
123,12/1/1989,0.19698105538052957,0.4346110334805031,-0.741809665194415,0.5012966443536993,1.5136408954953495,1.8092591238206834,12.79615866018322,1.0138527016818832,-0.7567567567567601,30.016799478826627,-5.1743309149758225,-8.701606596014855
124,3/1/1990,1.0928820446238552,0.8416034054989474,0.9930652645464555,1.5994343903644292,4.3429528061224465,3.171177798307223,7.2225741038067115,-2.636566299942089,-0.5446623093681935,69.32152240984722,-4.217895580091257,-14.654581242265651
125,6/1/1990,0.36297003021481533,0.3046303466629263,0.031197636644875182,0.1579146897743744,1.2435077982821952,-0.16766677203865488,-14.25699592905847,3.9588656687480794,-0.4381161007666945,-42.52447614656266,-0.0812121212121264,11.914721804336569
126,9/1/1990,0.06658167932800385,0.39616854115664957,-1.9385544596790982,0.15939873552335282,0.75689316109675,-0.40382933433023016,34.24266861778544,-4.064567412466635,-12.981298129812991,74.58129468567228,-1.0105176325015397,-11.96357113865979
127,12/1/1990,-0.9104045569679919,-0.7607499155321107,-5.594145479977652,0.6685508204405499,0.8804778966794213,-2.681822765521169,3.236791852323373,-5.4691653197541985,-17.699115044247794,-1.6934953820424758,-5.106617647058831,-5.996023468544864
128,3/1/1991,-0.4679406451076118,-0.37603458699707604,-3.3274370564858935,0.5959458804889461,0.6108661113338298,-1.1395363563620031,-12.466473471652739,11.446025005890181,15.207373271889413,-55.972787367621436,-17.00308653933077,-5.171317364505668
129,6/1/1991,0.7796890568610104,0.8287555126998525,-0.0003424927305872849,0.406683700810051,3.6460424095019928,1.7773384614936605,-21.255932307854874,7.163005496354402,7.600000000000007,-20.593618453221517,-8.76655204070519,-7.0676910990226105
130,9/1/1991,0.5053586865160886,0.49858164819014394,1.9799572567608337,-0.27996363063983454,2.367259062864435,2.8141918227523988,-5.652339207442525,1.8372215427674865,2.3543990086740907,28.400292171671037,-3.7521532242934863,-7.52903428265661
131,12/1/1991,0.34854484461859236,-0.05003491841688579,3.5459283912720796,-0.7318338818532499,2.2517296922858643,2.2090677647778945,3.7818362823992313,0.3872565545499196,-12.953995157384979,8.848082930652957,-14.647458047596263,-18.37104326144905
132,3/1/1992,1.1972522099874316,1.8723425630452928,-1.8473786165296602,0.8867065898208626,1.807912371344389,0.7264298226868693,-3.380801205919959,6.431539074970427,-1.5299026425591222,-18.316440595450757,-16.471858326239964,-15.961370966651877
133,6/1/1992,1.0843032755055937,0.6788319435373502,5.655369201257665,-0.1934337097448946,0.04756865386055242,1.6439962920221873,-10.068256360251759,-0.44580097087378867,11.44067796610171,13.501226749079276,-6.295826808838512,-10.387352410546802
134,9/1/1992,0.9881101865980568,1.0719177326905749,0.7948801150957863,0.6369493478602495,2.119137546945038,1.5763262571258263,-8.055697932684103,1.704199278677554,-3.5487959442332184,-0.7540072297219425,-13.615384615384619,-16.907286109574414
135,12/1/1992,1.0428555994048683,1.1918785759216455,3.051118570228395,-0.011605038514461707,0.501298038882303,2.3938255268968422,6.884697575025545,1.5597862943910634,9.329829172141935,14.742338633860296,-6.755304449289145,-13.433955175961753
136,3/1/1993,0.16694372234020705,0.3833981079486959,2.357514455000742,-1.2407650188941077,0.22317710502206545,2.1651739207683596,-11.135925965550442,4.414695746589237,4.927884615384603,-16.936122034134137,0.10867059637105214,7.175803092279764
137,6/1/1993,0.5821709439287392,0.9095982399135671,0.575399466519988,0.009136263861542204,1.195201535259427,2.066114668488317,0.3288236090836616,0.7007814617532748,-5.498281786941572,-0.7319273257417991,-1.3157894736842146,-1.4942866682726375
138,9/1/1993,0.477154822775705,1.1129230735803297,-0.6791583642579035,0.1422628380108648,-0.26880754662752526,1.3168797928883702,-8.603142460719237,1.8160867573153494,-6.181818181818177,-35.9412286407391,2.0000000000000018,14.325411088915319
139,12/1/1993,1.360149302911906,0.8778294168900524,5.254706847669155,0.35339752836147653,3.223063196586007,4.0173737349295635,-2.7259896277817885,2.3576942335112427,8.52713178294573,79.16208053952796,-2.287581699346397,-17.098489746151678
140,3/1/1994,0.9703629882517051,1.1437741047942263,3.8089449177112655,-1.2369447956910307,0.9816470881500505,2.3297741177565223,6.0113714970221555,1.1229589784913951,10.71428571428572,-39.39404152339884,7.468227424749152,25.850647483791466
141,6/1/1994,1.355182630845131,0.7780562965197468,4.918146559972403,0.49529485620243285,3.3761992394479856,3.725973834070273,10.487156634942863,-3.935010437523967,-0.8602150537634357,13.06895350606927,22.615379827591585,24.303271453278754
142,9/1/1994,0.5845845553328566,0.7624897785646345,-1.633606425248868,1.68596540943029,3.7427989803654693,2.8120103008054453,-13.212384855272353,2.190751966743143,-1.6268980477223471,63.08419329038597,13.8756345177665,5.211255347789812
143,12/1/1994,1.1455701559946796,1.081134484222801,4.11407156894108,-0.8697874626971469,2.3085430709756993,2.813652792388921,24.661831338898942,-0.1873426741398232,2.6460859977949225,-37.16654205177736,15.15590523101611,29.210530163460113
144,3/1/1995,0.3547805075420518,0.2488950973641213,1.0499885870805858,0.3502765013819298,1.926291562518978,2.194153278685973,-22.50565836772733,4.37027299586763,1.2889366272824887,26.183719766171553,12.450887413629586,10.539860223042563
145,6/1/1995,0.298322846097121,0.8766660139244209,-2.0769156301119307,0.3360915332870418,1.4021847815770316,0.9497105827501962,9.226712022815509,9.077836239319325,-2.75715800636267,11.300705198088522,3.6144578313253017,2.417798258716153
146,9/1/1995,0.8507255022384363,0.9062401637195849,-0.5960227128697815,-0.2621185985428265,4.327425932557016,0.34357112997620565,4.05888968408139,7.904160858523168,1.6357688113413316,-38.33753122385547,-3.7093023255813873,2.0490876435295347
147,12/1/1995,0.6790820510536255,0.697558558630762,2.483687215303254,-1.0461260547870666,1.4273627589976856,1.2781469223027253,-0.4791632026845294,5.767291300238386,-3.648068669527904,8.141463394136682,-1.3231666292890853,-2.2644988018400203
148,3/1/1996,0.7490501226268043,0.9222770006987568,1.6061456423680731,0.6599204141216619,1.203518086713773,3.250708481407427,27.47493924665858,6.581639166414144,0.7795100222717233,63.12136068266874,-6.2360139860139885,-13.836893862578027
149,6/1/1996,1.6679441018912833,1.0757822853331822,4.80496310609233,1.2458576543095345,1.6255155325458848,2.2379962324972302,1.7276404601481055,3.4468375692689124,1.104972375690605,-3.3036663799999033,-2.237428448902734,-1.9969844438093687
150,9/1/1996,0.8970337411311258,0.6054067466222168,4.542084912312272,-0.00034506132889911,0.80875823059261,3.242153617307486,2.437353228819572,0.23925336439611922,3.715846994535532,-33.073760028145315,1.2091621688631315,8.238975271392835
151,12/1/1996,1.0383695301930063,0.7965187554024533,-0.13271381592733222,0.6902784002748241,6.234927059617168,1.9721931382885138,4.365399237370005,10.029622584923658,2.739726027397249,50.98670622306762,-0.5031375431058804,-7.036882508270126
152,3/1/1997,0.6454431985977394,1.0540934715279393,2.0179723476519085,-0.5199474379023461,1.9011751258796616,4.271156701909673,18.654995426086106,8.0898791994918,1.538461538461533,-29.884097286937084,-0.06250000000000977,6.084431788581268
153,6/1/1997,1.665217830555843,0.4501876642384772,6.137484882805744,1.2955049659875373,3.9972581223086445,3.356386768664965,1.8318383476522593,4.944907649028107,4.040404040404044,-62.292614865432206,4.673375405082725,13.843176281017232
154,9/1/1997,1.2485689750959317,1.703752910278622,1.3898613910912738,0.46270090363653704,2.3138022737966946,3.685039162055026,11.771639443107063,12.786099890992242,2.7184466019417375,117.66198527405543,0.18105118316946722,-5.172724999070855
155,12/1/1997,0.8538602727445443,1.1952079495067602,1.4682070260079616,0.5018311835685907,-0.1437430023253694,2.1580814788626945,12.924918980965106,2.2548475560574266,-0.7561436672967825,7.79850746268167,-0.48072578750473216,-1.3414497048859997
156,3/1/1998,1.0037531320823412,1.0115276423214858,4.387299960820945,-0.35767148639318513,0.4619507327300987,3.7506225706106067,-21.58304389522041,7.413973692300524,2.6666666666666616,-61.74995168337567,0.24152396171934765,7.322837716461716
157,6/1/1998,0.9256878799962953,1.7609223695452592,-0.6192363121058864,1.7504567225350431,-1.1020899100007142,2.291851819575741,1.0571492696600737,8.651633686148186,-0.8348794063079645,59.676803069195074,-0.36231884057970065,-2.8110304929696572
158,9/1/1998,1.258940271371034,1.3040442399510521,2.597785541916675,0.7535843706269363,-0.45514128217369887,1.3492810737844918,37.026075211552325,-2.318103580343711,-3.1805425631431294,55.75951055385884,0.6054545454545313,-3.083226949811857
159,12/1/1998,1.609196570958149,1.444688185146048,3.0388548501195656,0.5904447313542338,3.7186482684765876,3.236627038245321,-2.8535799577933507,3.53984194979331,-3.1884057971014457,-8.484609848787128,-12.168145591238488,-12.506481013324954
160,3/1/1999,0.9394337487217186,1.0270843945337171,2.755633233213417,0.708920215152764,-0.3345527679427973,2.8256043058966673,-4.265649738674471,12.178968734939065,5.688622754491024,-22.097881082356697,-2.6069958847736774,-0.4211773364459215
161,6/1/1999,0.8347428958686454,1.5314038512043604,0.05054494042471269,0.36118721989637503,1.2421438032007126,2.87199315177904,-9.59216408753517,5.622701703800148,0.28328611898016387,104.81794130268614,0.28310058521539005,-8.814024503028472
162,9/1/1999,1.3258832295057754,1.1242123790332847,2.7526393493599643,1.2037686011167503,3.016763686844537,3.6149830986251796,-5.323036857240638,0.9342354183917045,-0.28248587570620654,-0.7512085449110528,7.301915014641769,8.816147992064094
163,12/1/1999,1.6406670865683814,1.462711276371631,2.6671927230789816,1.5559171639771607,2.137591422132834,2.55787070392679,-1.847789052047244,2.3106030494181917,-0.56657223796035,-0.7376196172218519,4.18981799619107,5.037237625721613
164,3/1/2000,0.36279340872638066,1.5120560784710468,-0.7079850066807669,-0.709432962021117,1.4391098616088227,3.7752084900977145,5.887756700350089,3.325007464153873,4.55840455840455,34.1519591430145,6.972318013077805,2.3286222908406318
165,6/1/2000,1.8212878131352639,0.933754422000721,5.923640590450163,0.9855916675112208,3.047864113976373,3.185664659467058,11.452182291395975,1.9999224746104272,-1.180744777475018,-20.7874329673882,10.509627072066507,17.35593634550876
166,9/1/2000,0.10193258635609048,0.958083556696554,-0.9687207513669027,-0.4218456165331008,2.4005691180715605,3.598045710500175,-21.72312857819293,1.9510294819883756,-1.194852941176472,16.59155451054768,3.932539492770948,1.9933662155751986
167,12/1/2000,0.5970387927816567,0.8736948070410033,0.20917338198773727,0.6125537705205852,-1.0002049388032064,0.1462433527667617,33.70544511351243,-7.396344013598622,-3.3488372093023244,-21.993288462807225,-0.7162576687116506,2.957287889962612
168,3/1/2001,-0.3277988076401672,0.3626863824452098,-4.55445889071322,1.5632449321058228,-1.259094958239415,-1.2900422632032504,-0.973732194513377,-6.632661724130351,-11.164581328200196,34.18489934888909,-13.594302751301502,-19.701608934309434
169,6/1/2001,0.624502930243831,0.20089534880354254,0.15612752859406331,1.7343737972442597,-2.929939391003711,-3.200659629254643,-5.853116574312178,-3.3525553299006194,-1.4084507042253502,-26.704616940067517,-22.644950208284918,-21.60905246516539
170,9/1/2001,-0.40063919531907466,0.34798061659035984,-2.1688763304964054,-0.09738371209281338,-5.1206820194862885,-2.2683875218391436,11.970427775245218,-7.335381877288027,-2.637362637362639,-59.74063703317374,-19.183211223334173,-10.969609860528461
171,12/1/2001,0.2747754478590769,1.6135112679392272,-4.969047018506889,1.658996521131706,-3.476216420995193,-1.0357121145272319,-4.491862377820743,-2.228676708707855,-3.950338600451464,-126.58495776410872,-38.99104870306288,-31.053369265487618
172,3/1/2002,0.8363586564324121,0.22264197755277326,2.982717474735419,1.7526891340723827,2.184462713099644,2.841325854751542,-20.771626583061753,1.2971472518158444,9.400705052878976,-525.4505504264014,-18.75029297332771,-36.22028111241633
173,6/1/2002,0.6127065840058066,0.5058266827344893,1.6298338999969575,0.7655587784792361,2.976439437239309,3.351099251394829,5.563004135046357,-5.581399500352036,1.074113856068748,146.25806927081487,0.9634800669243493,-32.15767441942708
174,9/1/2002,0.4065114300350947,0.6998255853933433,-0.1285810541297394,0.5138261068427408,0.31732675270035315,1.2713864796305208,60.74602326441696,-16.26263571695995,-7.226354941551538,-31.495738596630996,-0.5714285714285672,24.96276323048976
175,12/1/2002,0.12360505255195608,0.5562034841636754,-0.09743103498588424,0.7351396358672213,-1.473942471480938,1.7954987091462815,-10.219929988570087,-0.7529983792544437,-4.009163802978232,9.764698622628254,-17.051724137931036,-29.110747591593046
176,3/1/2003,0.5266419858050542,0.4925635974603715,0.8160886166123094,0.08576351311955221,-0.3073845138781395,-0.4352399481553304,-3.009589559996695,-3.162470930438821,-4.534606205250591,73.96917147475483,-13.392919005057857,-74.11650915789563
177,6/1/2003,0.885621672871495,1.1449820490536222,0.6498260514213205,0.9173665858848157,0.17604910981885435,1.4577179831119391,-29.532747603833865,9.090529524734613,11.624999999999996,-115.9075349995208,-0.26400000000000867,544.2657634793833
178,9/1/2003,1.663199956971062,1.4139881572418078,3.6153078077174827,0.22678901643349292,2.731998563917948,1.5660708820166125,-12.871084959911983,6.663840075343552,0.0,-556.2798372032124,-18.448704580091444,-81.0143928690885
179,12/1/2003,1.160721398176312,0.6884523865850367,3.41220365577255,0.6032862215414436,4.496072818028329,3.176199629830223,-14.871463758758408,5.58918696220192,3.023516237402024,-49.157530175002464,-1.967148618078085,129.24650185567464
180,3/1/2004,0.5666514539569345,0.9323698048951945,0.16889020051902293,0.4523230037343007,2.261645335528306,2.8008209546901863,-7.2436246776522495,7.275814533814251,6.521739130434789,122.96803061053873,0.6621852111969639,-74.67134119888512
181,6/1/2004,0.7749523237421174,0.5456461117668399,3.9776393636865803,0.26696504120187203,2.096042219510985,3.9393285558855906,-1.133872003295,-0.9106257048635769,-4.795918367346941,-7.168434776833344,0.6677962723014019,42.98026801088031
182,9/1/2004,0.9485938887930923,1.1746175083479082,1.5847887994142162,0.18683083127226663,0.3343674443708311,1.386079334933199,-5.671890507639721,-1.675624041211543,2.4651661307609762,-18.821410037359176,41.9108910891089,255.0390235866901
183,12/1/2004,1.0202081286209586,1.1311067288626742,2.080705748952494,-0.0611944165004874,2.3747567295707483,2.3291644360371455,-8.530993453185086,5.2200063397183305,-1.77824267782426,68.36792983753799,36.04967557385055,9.66801620103177
184,3/1/2005,1.1093633541958248,0.6354159466355203,2.8098716389928002,0.4945028550966013,1.8737495639048474,0.8614731986378743,-9.90747907095637,2.5988677611819666,0.21299254526090383,-52.96166556972717,26.666666666666682,125.50872277155145
185,6/1/2005,0.4926244548107306,1.108196676519957,-1.301285794296747,-0.059037172622278256,2.2354903842323415,1.3387641779985193,1.1175914249684782,-0.8663484286649203,-4.144527098831019,33.80232880430371,19.16194331983805,15.203073632947284
186,9/1/2005,0.7838140345072908,0.8296919835131256,1.3127715427745823,0.3285921441631201,-0.01825250390856681,0.5615484186261455,-10.57927637219599,3.595809363033986,-2.9933481152993324,124.12384906249021,17.555125199605893,-14.914820884518342
187,12/1/2005,0.5555165396517348,0.1843219252637862,3.186732468890674,0.07804042686039292,3.0964496159437083,3.2229531810515244,7.901503595554571,0.516557171043619,-5.828571428571427,-38.432928684440505,15.02890173410405,57.555926964747385
188,3/1/2006,1.3453837684874737,1.0904559674818515,1.46565873974136,1.2684285121275174,4.0556215442956844,2.057978277094108,-6.449632442038933,4.272630864370397,7.888349514563098,-44.152481921008594,11.977386934673362,29.68153918389216
189,6/1/2006,0.25875276349554,0.5184472219478264,-0.5748079920558147,-0.0361647634858131,1.8551483921133816,0.9958333660967655,16.695162599519886,-0.09794706322483471,-5.7367829021372385,73.2799045523433,10.097157089326192,1.3523767147714638
190,9/1/2006,0.1499559256315619,0.6421684066307165,-0.38073742681862255,-0.1530225155153664,-0.12859084458216596,0.9991634709295205,-4.972620985644505,0.5143927214529942,0.23866348448686736,4.611534512831494,6.92930075203293,7.407334181140324
191,12/1/2006,0.8594498006118778,0.9539092084578149,-1.8582394625414667,0.8238789636666466,3.7928945256281654,-0.1285206125478333,-17.499610652546338,7.84733998992686,10.119047619047628,-143.4529528759008,0.0,33.261809656175664
192,3/1/2007,0.30083566670564554,0.6167648438280882,-0.645476519288013,0.13597864406829085,1.9811381689789576,1.4556826597222239,15.128318876419344,2.5781803264530723,-0.324324324324321,-339.00537002649827,0.1905959936722157,-25.446891321108968
193,6/1/2007,0.6117619579946387,0.2624085882165783,0.963308699135057,0.9100622439654371,1.5146869406271524,0.531619033127928,9.529821684771477,4.982799099672319,-5.748373101952275,15.518149405663163,-0.1274563889892999,-3.8593286412390126
194,9/1/2007,0.5760257959612325,0.6670936241852887,-1.1490585459549285,0.4530600855055855,3.1257489150025464,0.5600452038587944,60.998959573050705,-0.36800870507062156,-1.3808975834292303,-44.10751549657238,-3.365714285714294,8.376136232822029
195,12/1/2007,0.6282367318126258,0.3940742068991865,-1.1453820791075042,0.7992292377718924,2.2952786603090525,-0.9445293846386038,6.139669817241833,0.21956421604345522,-9.568261376896148,93.78098744202157,-11.365383478209445,-26.787061721061743
196,3/1/2008,-0.42676432089947536,-0.13711674840753973,-2.7337378435181248,0.22854091576558488,1.5942572910062625,0.37496512663937054,23.147714181840495,-9.63128057881385,-5.935483870967739,-11.695961357824736,-29.354860230835943,-35.88819797091345
197,6/1/2008,0.5954282618129358,0.2755643993488599,-1.6802394344915816,0.8612601349531568,2.9366863544763255,-0.9461472703182316,-23.62090736097031,1.5891615254149283,-18.24417009602195,20.102571655411605,-34.31233670160858,-62.5474315283668
198,9/1/2008,-0.5252580505168858,-0.7707271893295342,-1.9908776047088184,0.8024936079580769,-0.4459828509604358,-1.262018873611337,17.55085314060054,-8.72892414642925,8.7248322147651,18.519551351117293,-7.030239133560167,-49.451606611401935
199,12/1/2008,-2.189026595298116,-0.8999447253567938,-9.667494961869316,0.6910715845244608,-5.880504129673403,-3.616127838152383,132.5202833328051,-27.32743320701769,-10.956790123456784,-248.53280211864765,-73.88144329896906,630.0446524289175
200,3/1/2009,-1.1348742974823023,-0.25394305355924685,-11.364260189881048,1.1351785960549199,-7.984149368231042,-9.505261768053973,-23.315108776580797,-11.044921960870512,1.0398613518197486,-69.9643260910859,-63.82474837181764,-69.35458273688243
201,6/1/2009,-0.1786509506351064,-0.4915877720821027,-5.812163703762662,1.4557604507357214,0.6580201648176853,-4.061042814752014,-27.081796610470754,10.244907627243993,16.981132075471717,-177.30264547373062,-1.8003273322422242,-139.8859394017444
202,9/1/2009,0.3511923951750484,0.6724782831823095,-0.29570207734038734,0.2680452980492909,3.696061671470807,4.125975157628203,-22.39494940569593,11.709277473987267,0.2932551319648091,61.8067455995684,-12.944444444444436,99.40800489825872
203,12/1/2009,1.0809136508185713,-0.11016813106097256,9.330324053980066,0.1868181894822074,5.508022646651156,4.867076734209719,-9.230110836713134,9.230791612320633,2.631578947368407,-9.002857141932019,-23.420548819400132,-5.7198870548311636
204,3/1/2010,0.48450095056860043,0.5795413265605731,2.1526265247712395,-0.43231941765763393,2.2516454546264164,2.5147544084426654,-12.167913837103672,3.0213374020268136,5.270655270655267,-79.75518196176743,11.083333333333334,-96.17449306100583
205,6/1/2010,0.9675861183124024,0.8967645154048132,5.249145140928135,0.30399109802732305,2.200266316223831,4.561529285464139,31.064862921613923,1.217014993000598,0.0,-122.2612268192329,45.011252813203306,-1008.7172298603026
206,9/1/2010,0.7710849360473171,0.7134505976534422,4.439780482060285,-0.7076122167093524,2.8568217325554146,3.4954153126669496,-8.748435967671043,-3.423044524154961,-7.577807848443852,-930.801621338915,-3.414381789963783,-146.41523652639484
207,12/1/2010,0.5251102608268665,0.6129170430855035,-0.28346426383808465,-0.6354637179520894,2.7375459809432012,0.36763754704154383,-20.516684784398976,9.81526864563389,4.392386530014636,176.2232275839673,0.0,482.30678963020114
208,3/1/2011,-0.23720489710901127,0.38200117205700046,-1.8627976286631598,-1.2271040634460828,0.8576869722314084,0.48820478147415525,-4.272910946484998,8.201270764119606,2.524544179523147,31.799543326668058,-16.068559185859666,45.77136207937649
209,6/1/2011,0.6765822931436682,0.10289533378793347,4.088971700811639,-0.6835844622655185,1.6934396020869213,0.3738049721233816,-5.494582805684534,1.2506991976086068,-1.6415868673050449,6.535639967719109,-40.45947670708361,14.544308042325117
210,9/1/2011,-0.022312735917140447,0.30432837052902784,0.4418908228172924,-1.426606876975256,1.376502539413238,1.1093621890117866,72.98215073097822,-6.8921509158918814,-16.968011126564676,-42.64686704747474,-10.718113612004288,-45.238589310402
211,12/1/2011,1.1230490567579965,0.17251423361537288,7.71002774306262,-0.06782620829417496,0.7579276008008895,1.3128660374434498,-1.170562472482184,-0.2013961588816615,8.542713567839177,-31.16452456687653,-12.004801920768305,-33.83687482506546
212,3/1/2012,0.838590819971663,0.7212711293518081,2.215405783746771,-0.4257039020353681,1.2212971356316604,0.49271379083284383,-38.81979359618947,9.936203002920973,16.51234567901234,25.46677593327278,40.92769440654842,22.310101127283822
213,6/1/2012,0.4463347461653111,0.17562873171346194,2.244835874583373,-0.5275486796194939,0.9845765674294515,0.3717832204688687,9.451513293329228,0.21942403676551425,1.059602649006619,-62.516568159823116,48.40271055179088,-87.38716218750314
214,9/1/2012,0.14402799732293747,0.20278968881155546,0.26324068685257274,-0.1525430281977047,0.612532125810783,0.5368557123232032,-19.8073142548434,3.837652334323627,-1.7038007863695914,113.8638824688003,-6.523157208088703,431.8753090755531
215,12/1/2012,0.11564055376036553,0.39852322396589646,-0.8492097425231826,-0.984868049306542,0.09604799686357968,-0.9421436672297001,5.521039959080287,1.1403372959400748,5.8666666666666645,47.28278713724452,11.653872993719471,63.50287260592453
216,3/1/2013,0.9865606638638447,0.6501870377143115,3.981730894675284,-0.9337160291528313,0.5190401986234328,-0.08586811894668589,-20.72059823249489,6.790730857497729,-3.400503778337538,-39.55002781925692,-10.4375,-48.640758782186566
217,6/1/2013,0.26763633481292626,0.28578016215230484,1.3041843268737363,-0.12878446715388625,0.9067106351577703,1.4520067987430885,10.2234682692953,6.289591514316828,6.51890482398958,-127.23461517936447,-18.562456385205873,-187.88888052226747
218,9/1/2013,0.851393569084391,0.40655501490578505,4.041715336988272,-0.4874944433599815,0.8562155925149195,0.7184645015394064,-3.4378720640761973,4.071594078657204,-0.1223990208078396,-594.0524438427992,-28.6203941730934,-300.99138469092964
219,12/1/2013,0.8717417534272576,0.8806887005981201,0.9607898123068725,-0.7713825212163683,2.88100947040999,0.7903882030801945,-1.4732874697005793,5.678740806271887,-5.7598039215686185,-31.628745540771874,4.081632653061229,-38.02470411458305
220,3/1/2014,-0.34509598528477126,0.3597692097518035,-0.9794884412965721,-0.4290272846326437,-0.9574694384725912,1.290853041619977,5.211214527975883,3.606806179219979,5.201560468140443,68.41629129030338,-15.455594002306805,93.61590363740729
221,6/1/2014,1.2918421292132942,0.9605949019623861,4.1083028589649295,0.1356672932040004,2.160245967978791,2.277509868376071,-14.190230320069197,3.601720475643466,2.3485784919653696,-14.725674880859586,27.2851296043656,-20.257270930585104
222,9/1/2014,1.2153914093167906,0.9883881436844266,2.301301275966172,0.6753173917622313,0.41270425085815354,0.18821746450297105,2.4202376920714253,3.977113338731919,0.24154589371980784,-51.82620086917643,-3.5369774919614128,-62.013998581374175
223,12/1/2014,0.5057331362120498,1.1523453500244196,0.3194022708596478,-0.0744808122948526,0.8287036834674355,2.62502401668816,22.349358678601085,1.8261261538924156,8.192771084337336,-197.11129222105393,11.111111111111116,-311.17813378749435
224,3/1/2015,0.9004849775657187,0.7672686156648956,3.4821035846524406,0.6047020511611434,-0.7915035402638049,1.4893194182096448,4.182693516353675,2.5556193880559075,6.347438752783963,160.52862301968833,9.999999999999986,118.2007614217491
225,6/1/2015,0.6194050867588619,0.6882773389134123,0.39681498207333465,0.9804495952300263,0.26816797619042543,0.7831624287002681,-17.785633705953686,1.8693534979435267,-1.3612565445026203,-205.35813715861119,12.090909090909086,-172.79772318059042
226,9/1/2015,0.4002450612528241,0.7040913023217632,0.21697396883280096,0.5278456084834682,-0.8074075623586974,0.6818895779046708,42.006589326465175,-3.5944634472391046,-3.715498938428874,-44.6144610023967,10.867802108678015,-56.72926026283363
227,12/1/2015,0.18447912646364362,0.40672749864281155,-0.597732717291255,0.4294256679679309,-0.13571453990837146,0.2828336461300429,-11.770389814393777,2.080135968236041,0.6615214994487362,-102.00360554861285,17.044623262618884,-169.79778309893226
228,3/1/2016,0.5795194060450148,0.7549548547088447,-0.42963996990951214,0.9156089917705668,-0.2859641744082264,-0.11913060555899246,20.610369606849833,-5.838013209439863,0.3285870755750153,720.6176569107732,125.0,152.03654862134192
229,6/1/2016,0.3211240684381167,0.4960272182552572,-0.42582904434597113,-0.07723230730629638,0.7739204557487334,0.127663558806268,-23.88014042856935,6.526819175916154,0.8733624454148492,-1387.8681654381471,3.6944444444444446,-200.1742698255804
230,9/1/2016,0.7093902550786346,0.6956201767206016,0.4273154543930735,0.43496044276087886,1.6235612746289263,0.7298296093152912,-15.811867672012347,4.16210500535108,-2.272727272727282,-46.92631574978374,6.2684168229306225,-93.46319186502187
231,12/1/2016,0.5542991127484687,0.5156366504467158,2.7466776772079537,0.17593188040532226,-0.7458847736625529,1.440335462945086,6.457283576434936,1.0883580669493575,3.100775193798455,49.55201366011639,13.435845727249806,564.0022613146044
232,3/1/2017,0.48689021004175714,0.7688631775915944,-0.26670605637385547,-0.27746235672188035,2.4342581873694424,1.5486415727386849,-17.129903129604184,6.046862985610191,4.403866809881851,10.858391205826369,55.555555555555536,-97.97740693546073
233,6/1/2017,0.5598725623111145,0.4959395462549754,1.5734754130055206,0.28302690574999456,0.33721710713656705,0.9506055972905214,-1.2282057888860276,3.4190812615313426,-0.8230452674897082,-83.60714718540912,35.71428571428572,-22544.5189072454
234,9/1/2017,0.7885241305547019,0.6777615442852492,1.6658376817448861,0.12384171270904965,0.5881254904213096,0.3826704042125595,-4.508695652173911,2.9840080824075743,-1.34854771784233,314.38153693387693,21.4,-19.387810168637365
235,12/1/2017,1.1270466267692791,1.0928713873924245,1.8806148920492038,0.8983181835994003,2.5904488560694716,2.797193707836265,-6.68487911487502,5.562353103269424,3.4700315457413478,66.410995336875,4.33538541576346,-39.800864130043365
236,3/1/2018,0.8134098018182323,0.7241045213760566,1.519503863457361,0.21057100923989047,0.6474763319796573,0.4140614523894248,66.91941370493979,4.898050594028769,0.5081300813008172,5.9271769502345695,20.227707138701902,48.05641868808917
237,6/1/2018,0.5308251410129694,0.5354182245908223,-0.015140041229622092,0.7168439981362074,0.5427543032430204,0.1290346097067463,-10.571239820168499,-1.0766394956086667,-0.6066734074823166,-35.396081804185734,20.045621068638965,97.97652445553449
238,9/1/2018,0.6236974253114314,0.4608843965362208,3.041173029814903,0.7904096537664884,-1.248252890818613,1.4060348368081677,-15.917158602835901,5.468791357896485,-0.20345879959308144,-26.188316513784603,10.744515460355863,27.7889846153057
239,12/1/2018,0.1416442191157108,0.3124189870006733,0.06727117591305287,0.13560575354198967,0.41547372400012605,1.044848939763554,65.53075362116019,-5.576550041429518,0.0,1.3202562515343574,15.426610513180483,19.14587767682412
240,3/1/2019,0.6243180824466066,0.1584019652064672,0.8263100469507734,1.3831173000889763,0.937707998903714,-0.06126882999143435,-22.80793221357984,1.1172622585438274,-3.669724770642191,-34.423323257168526,8.256756756756767,18.006570830275592
241,6/1/2019,0.8351458407085399,0.8531121979838963,0.9191512249935307,1.3568681784765113,-0.5065197856260917,0.5536319431831638,-8.578295658523228,5.907864388979189,4.232804232804233,175.18053134290304,-0.2746223942079684,-22.56324538094795
242,9/1/2019,1.170001856591063,1.1351999772263754,0.7886705422541995,1.1416935898054703,0.021117677445348093,-0.43523465936027295,6.189807450398344,2.625719793375625,-4.771573604060919,-55.09996640818504,-8.624358492927776,12.371729898546779
243,12/1/2019,0.6818778695641736,0.6559576980966986,-1.2960674774996517,0.8086857801049785,0.6088727490060508,-1.8738280303032706,-13.75707471779476,4.32142676072047,3.6247334754797578,112.919955610649,-24.963470319634705,-49.60296038561681
244,3/1/2020,-1.3924410858419556,-1.694317575715698,-2.5617495718659233,1.08760158814456,-4.280748114942112,-3.6240794727606773,120.05697757234843,-0.5554386824471957,-0.6172839506172978,-51.45565591361476,-23.325016734619364,-1.9746017202446398
245,6/1/2020,-7.908965237823118,-8.743141537267851,-13.9054972968353,2.1596765641354043,-21.116772456768707,-17.092380433550836,13.957343936801925,-4.579112501221783,-23.291925465838514,-376.6978710773868,-95.23809523809523,10.598832392591962
246,9/1/2020,7.830225060408158,9.005199623512805,18.487304361462108,-1.5418988907293651,12.505905995788314,16.740087561622087,-25.39268988222202,13.414014761844228,2.159244264507443,-220.56976647381967,55.49999999999999,-201.92116617095758
247,12/1/2020,1.0847255116152033,1.4120531467188835,3.098146208699948,-0.38399698614839384,6.109656084216186,7.245158826191012,-1.68196490791922,7.006124457406537,5.416116248348746,-38.68829564011088,-3.5369774919614128,-41.5748757792368
248,3/1/2021,1.3801861389137748,2.2882478893927694,-0.6109732946670832,1.2839605554437528,0.08278230938914,2.0133451322428275,-8.149912882693878,8.671949814048109,0.5012531328320913,43.94082012122165,-11.111111111111105,51.636280664702426
249,6/1/2021,1.5700448738243278,3.353350883788786,-1.6277418944916855,-1.0733347628816725,0.7957795812684632,2.0140326943856257,-23.42706222927663,8.28318852405603,6.733167082294256,87.10136821210452,-12.49999999999999,94.04622846507846
250,9/1/2021,0.8528493962201456,0.7781036514014517,3.8508422675164633,-0.3865801500704147,0.22434689755537196,2.0718161775835187,1.3538108934028292,5.705827082117998,-12.616822429906538,-15.42228182370492,28.57142857142856,-16.889029292048775
251,12/1/2021,1.803158911042524,1.0897119471712902,6.435497820270375,-0.07074706355029159,5.844981671745786,4.830833974928717,7.583164288960553,4.066889062634393,-6.550802139037426,33.568170797001294,-11.111111111111105,35.53998223675465
252,3/1/2022,-0.2574544675622348,0.24136102323710773,1.7968134455069285,-0.8497012246498681,-1.1749782554763,3.1887241323507176,29.975065427493973,-2.9109902294885748,-9.728183118741063,3.9325643873491245,50.0,2.0442502954608255
253,6/1/2022,0.07017944333989057,0.638105679843437,-2.2092601710918536,-0.3744742364238385,3.028610956357114,1.450838590772574,7.972111680116689,-7.987869684942083,-8.240887480190173,9.537457732730426,541.6666666666667,-21.246537718289048
254,9/1/2022,0.6732082005465267,0.3791690593737407,-1.462065680489022,0.3890153344097813,3.441038446193123,-1.3892716711740083,-9.82948183770489,-3.3234365803754717,-3.1088082901554404,-46.034213392739446,184.41558441558442,-154.45527367090622
255,12/1/2022,0.8278279245403475,0.3037852422725029,1.4111764727424037,1.3316144750085135,-0.2863205662219648,-1.1496689363109436,1.5018584939074708,-3.0609497430204025,4.8128342245989275,-23.889075415707595,66.81735159817353,201.1435757436244
256,3/1/2023,0.6920437930648227,1.215226070511699,-2.3039532073752977,1.2479447993315684,0.48624638980181434,-0.2030668094722743,-16.770148966380294,3.9198973679282823,9.863945578231291,-6.723566098168876,23.633427312292987,35.04112117038156
257,6/1/2023,0.6069738859241891,0.24709544383081372,1.9348145629189961,0.7255084655521271,-1.2218647223182444,-0.7898225777266399,-20.96170249678324,5.030518989828225,-3.5603715170278605,-18.792827378192257,10.478889454690377,18.226091691041635
258,9/1/2023,1.071522787323076,0.631371745463194,2.4336465027587684,1.3915388118308059,1.1972861193553674,1.1437894646386004,-8.746417901347481,6.037653930048004,11.717495987158898,12.578834259325422,5.4108216432865675,4.04217977013126
259,12/1/2023,0.788672702737836,0.8607057273117391,0.17775457643693926,0.8971134717165263,1.5119769562718766,1.0374261174531885,1.9817592623525782,0.2988506520598122,-6.752873563218376,-20.26104711009601,1.3307984790874583,5.649267412734615
260,3/1/2024,0.40480213931690656,0.4784122947017133,0.8876670117919927,0.43914310515873467,0.4755447257003276,1.500419015585086,-10.689178476194217,11.805351904805693,20.801232665639446,39.06757459763182,0.0,-5.908109557393482
261,6/1/2024,0.7389796233074009,0.6962220216641724,2.02381077474334,0.754452869266764,0.2575276182136488,1.8400286974367575,2.3540890284339255,5.098766247014619,-8.801020408163273,-25.60888646822953,0.0,5.72263385996854
262,9/1/2024,0.7595104802784025,0.9129239783441934,0.195711557189715,1.2559965422949793,2.3197845473873935,2.5838623570750396,21.922952875828685,5.548547626835831,-4.7552447552447585,-56.381105551589485,-1.251407129455906,7.475664993639564
